is_parallel_safe,trip_count,nesting_depth,flops_per_iter,total_flops,memory_footprint_bytes,arithmetic_intensity,data_reuse_ratio,coalescing_efficiency,stride_regularity,branch_divergence_count,has_reduction,hw_type_code,bus_bandwidth_gbps,peak_tflops,unified_memory,t_cpu_ms,t_gpu_ms,speedup,is_profitable
1.0,32768.0,3.0,2.0,65536.0,12288.0,5.333333333333333,10000.0,0.15,0.5,0.0,0.0,1.0,15.75,6.03,0.0,1.872457142857143,0.034912,53.63362576928114,1
1.0,262144.0,3.0,2.0,524288.0,49152.0,10.666666666666666,10000.0,0.15,0.5,0.0,0.0,1.0,15.75,6.03,0.0,14.979657142857144,0.040768,367.43664498766543,1
1.0,884736.0,3.0,2.0,1769472.0,110592.0,16.0,10000.0,0.15,0.5,0.0,0.0,1.0,15.75,6.03,0.0,50.55634285714286,0.065824,768.0533370372943,1
1.0,2097152.0,3.0,2.0,4194304.0,196608.0,21.333333333333332,10000.0,0.15,0.5,0.0,0.0,1.0,15.75,6.03,0.0,119.83725714285715,0.133664,896.5559697664079,1
1.0,7077888.0,3.0,2.0,14155776.0,442368.0,32.0,10000.0,0.15,0.5,0.0,0.0,1.0,15.75,6.03,0.0,404.45074285714287,0.40064,1009.5116385212232,1
1.0,16777216.0,3.0,2.0,33554432.0,786432.0,42.666666666666664,10000.0,0.15,0.5,0.0,0.0,1.0,15.75,6.03,0.0,958.6980571428572,0.86144,1112.9017193801742,1
1.0,56623104.0,3.0,2.0,113246208.0,1769472.0,64.0,10000.0,0.15,0.5,0.0,0.0,1.0,15.75,6.03,0.0,3235.605942857143,2.8045759999999995,1153.6880950479301,1
1.0,134217728.0,3.0,2.0,268435456.0,3145728.0,85.33333333333333,10000.0,0.15,0.5,0.0,0.0,1.0,15.75,6.03,0.0,7669.584457142858,6.457728,1187.659879317131,1
1.0,452984832.0,3.0,2.0,905969664.0,7077888.0,128.0,10000.0,0.15,0.5,0.0,0.0,1.0,15.75,6.03,0.0,25884.847542857144,21.587584000000003,1199.0618099207925,1
1.0,1073741824.0,3.0,2.0,2147483648.0,12582912.0,170.66666666666666,10000.0,0.15,0.5,0.0,0.0,1.0,15.75,6.03,0.0,61356.67565714286,48.576063999999995,1263.1051304844887,1
1.0,32768.0,3.0,2.0,65536.0,12288.0,5.333333333333333,10000.0,0.15,0.5,0.0,0.0,1.0,15.75,6.03,0.0,1.872457142857143,0.024319999999999998,76.99248120300753,1
1.0,262144.0,3.0,2.0,524288.0,49152.0,10.666666666666666,10000.0,0.15,0.5,0.0,0.0,1.0,15.75,6.03,0.0,14.979657142857144,0.028255999999999996,530.1407539233135,1
1.0,884736.0,3.0,2.0,1769472.0,110592.0,16.0,10000.0,0.15,0.5,0.0,0.0,1.0,15.75,6.03,0.0,50.55634285714286,0.063808,792.319816592635,1
1.0,2097152.0,3.0,2.0,4194304.0,196608.0,21.333333333333332,10000.0,0.15,0.5,0.0,0.0,1.0,15.75,6.03,0.0,119.83725714285715,0.132576,903.913658149719,1
1.0,7077888.0,3.0,2.0,14155776.0,442368.0,32.0,10000.0,0.15,0.5,0.0,0.0,1.0,15.75,6.03,0.0,404.45074285714287,0.402912,1003.8190544266313,1
1.0,16777216.0,3.0,2.0,33554432.0,786432.0,42.666666666666664,10000.0,0.15,0.5,0.0,0.0,1.0,15.75,6.03,0.0,958.6980571428572,0.8606079999999999,1113.9776264488098,1
1.0,56623104.0,3.0,2.0,113246208.0,1769472.0,64.0,10000.0,0.15,0.5,0.0,0.0,1.0,15.75,6.03,0.0,3235.605942857143,2.793984,1158.061729364643,1
1.0,134217728.0,3.0,2.0,268435456.0,3145728.0,85.33333333333333,10000.0,0.15,0.5,0.0,0.0,1.0,15.75,6.03,0.0,7669.584457142858,6.448512,1189.3572435226697,1
1.0,4096.0,2.0,7.0,28672.0,49152.0,0.5833333333333334,4.0,0.8,0.5,0.0,0.0,1.0,15.75,6.03,0.0,0.08192,0.034783999999999995,2.3551057957681696,1
1.0,16384.0,2.0,7.0,114688.0,196608.0,0.5833333333333334,4.0,0.8,0.5,0.0,0.0,1.0,15.75,6.03,0.0,0.32768,0.139616,2.347008938803576,1
1.0,65536.0,2.0,7.0,458752.0,786432.0,0.5833333333333334,4.0,0.8,0.5,0.0,0.0,1.0,15.75,6.03,0.0,1.31072,0.855872,1.5314439542361475,1
1.0,262144.0,2.0,7.0,1835008.0,3145728.0,0.5833333333333334,4.0,0.8,0.5,0.0,0.0,1.0,15.75,6.03,0.0,5.24288,6.404832,0.8185819706121878,0
1.0,1048576.0,2.0,7.0,7340032.0,12582912.0,0.5833333333333334,4.0,0.8,0.5,0.0,0.0,1.0,15.75,6.03,0.0,20.97152,70.117664,0.29909039753520594,0
1.0,4194304.0,2.0,7.0,29360128.0,50331648.0,0.5833333333333334,4.0,0.8,0.5,0.0,0.0,1.0,15.75,6.03,0.0,83.88608,3212.845376,0.026109591400392373,0
1.0,16777216.0,2.0,7.0,117440512.0,201326592.0,0.5833333333333334,4.0,0.8,0.5,0.0,0.0,1.0,15.75,6.03,0.0,335.54432,40877.680064,0.00820849714256426,0
1.0,4096.0,2.0,4.0,16384.0,49152.0,0.3333333333333333,2.0,0.35,0.5,0.0,0.0,1.0,15.75,6.03,0.0,0.04681142857142857,0.006948,6.737396167447981,1
1.0,16384.0,2.0,4.0,65536.0,196608.0,0.3333333333333333,2.0,0.35,0.5,0.0,0.0,1.0,15.75,6.03,0.0,0.1872457142857143,0.017731999999999998,10.559762817827336,1
1.0,65536.0,2.0,4.0,262144.0,786432.0,0.3333333333333333,2.0,0.35,0.5,0.0,0.0,1.0,15.75,6.03,0.0,0.7489828571428572,0.075716,9.892002445227655,1
1.0,262144.0,2.0,4.0,1048576.0,3145728.0,0.3333333333333333,2.0,0.35,0.5,0.0,0.0,1.0,15.75,6.03,0.0,2.9959314285714287,0.281732,10.633976362541098,1
1.0,1048576.0,2.0,4.0,4194304.0,12582912.0,0.3333333333333333,2.0,0.35,0.5,0.0,0.0,1.0,15.75,6.03,0.0,11.983725714285715,1.480964,8.091841337321984,1
1.0,4194304.0,2.0,4.0,16777216.0,50331648.0,0.3333333333333333,2.0,0.35,0.5,0.0,0.0,1.0,15.75,6.03,0.0,47.93490285714286,6.042756000000001,7.932622607489505,1
1.0,4096.0,2.0,2.0,8192.0,49152.0,0.16666666666666666,9996.0,0.15,0.5,0.0,0.0,1.0,15.75,6.03,0.0,0.0935479738368,0.028127999999999997,3.325795429351536,1
1.0,16384.0,2.0,2.0,32768.0,196608.0,0.16666666666666666,9996.0,0.15,0.5,0.0,0.0,1.0,15.75,6.03,0.0,0.3741918953472,0.05337599999999999,7.010489646043166,1
1.0,65536.0,2.0,2.0,131072.0,786432.0,0.16666666666666666,9996.0,0.15,0.5,0.0,0.0,1.0,15.75,6.03,0.0,1.4967675813888,0.152608,9.807923446928077,1
1.0,262144.0,2.0,2.0,524288.0,3145728.0,0.16666666666666666,9996.0,0.15,0.5,0.0,0.0,1.0,15.75,6.03,0.0,5.9870703255552,0.496352,12.062146068828573,1
1.0,1048576.0,2.0,2.0,2097152.0,12582912.0,0.16666666666666666,9996.0,0.15,0.5,0.0,0.0,1.0,15.75,6.03,0.0,23.9482813022208,2.4375679999999997,9.824661835986033,1
1.0,4194304.0,2.0,2.0,8388608.0,50331648.0,0.16666666666666666,9996.0,0.15,0.5,0.0,0.0,1.0,15.75,6.03,0.0,95.7931252088832,22.536735999999998,4.2505323401260595,1
1.0,4096.0,2.0,75.0,307200.0,49152.0,6.25,13.0,0.8,0.5,0.0,0.0,1.0,15.75,6.03,0.0,0.8773632351085714,0.009924,88.40822602867506,1
1.0,16384.0,2.0,75.0,1228800.0,196608.0,6.25,13.0,0.8,0.5,0.0,0.0,1.0,15.75,6.03,0.0,3.5094529404342856,0.022244,157.77076696791428,1
1.0,65536.0,2.0,75.0,4915200.0,786432.0,6.25,13.0,0.8,0.5,0.0,0.0,1.0,15.75,6.03,0.0,14.037811761737142,0.071876,195.30596808026522,1
1.0,262144.0,2.0,75.0,19660800.0,3145728.0,6.25,13.0,0.8,0.5,0.0,0.0,1.0,15.75,6.03,0.0,56.15124704694857,0.24969999999999998,224.87483799338636,1
1.0,1048576.0,2.0,75.0,78643200.0,12582912.0,6.25,13.0,0.8,0.5,0.0,0.0,1.0,15.75,6.03,0.0,224.60498818779428,1.535236,146.2999748493354,1
1.0,4194304.0,2.0,75.0,314572800.0,50331648.0,6.25,13.0,0.8,0.5,0.0,0.0,1.0,15.75,6.03,0.0,898.4199527511771,6.375044,140.9276473623048,1
1.0,4096.0,2.0,21.0,86016.0,49152.0,1.75,6.0,0.8,0.5,0.0,0.0,1.0,15.75,6.03,0.0,0.2456617058304,0.008708,28.21103649866789,1
1.0,16384.0,2.0,21.0,344064.0,196608.0,1.75,6.0,0.8,0.5,0.0,0.0,1.0,15.75,6.03,0.0,0.9826468233216,0.023652,41.54603514804668,1
1.0,65536.0,2.0,21.0,1376256.0,786432.0,1.75,6.0,0.8,0.5,0.0,0.0,1.0,15.75,6.03,0.0,3.9305872932864,0.071908,54.66133522398621,1
1.0,262144.0,2.0,21.0,5505024.0,3145728.0,1.75,6.0,0.8,0.5,0.0,0.0,1.0,15.75,6.03,0.0,15.7223491731456,0.272132,57.774716582928875,1
1.0,1048576.0,2.0,21.0,22020096.0,12582912.0,1.75,6.0,0.8,0.5,0.0,0.0,1.0,15.75,6.03,0.0,62.8893966925824,2.344932,26.819283754318846,1
1.0,4194304.0,2.0,21.0,88080384.0,50331648.0,1.75,6.0,0.8,0.5,0.0,0.0,1.0,15.75,6.03,0.0,251.5575867703296,9.29162,27.07359822833151,1
1.0,1024.0,1.0,1.0,1024.0,12288.0,0.08333333333333333,3.0,1.0,1.0,0.0,0.0,1.0,15.75,6.03,0.0,0.001,0.023743999999999998,0.042115902964959574,0
1.0,8192.0,1.0,1.0,8192.0,98304.0,0.08333333333333333,3.0,1.0,1.0,0.0,0.0,1.0,15.75,6.03,0.0,0.0023405714285714284,0.06624,0.03533471359558316,0
1.0,65536.0,1.0,1.0,65536.0,786432.0,0.08333333333333333,3.0,1.0,1.0,0.0,0.0,1.0,15.75,6.03,0.0,0.018724571428571427,0.267328,0.07004343513800061,0
1.0,262144.0,1.0,1.0,262144.0,3145728.0,0.08333333333333333,3.0,1.0,1.0,0.0,0.0,1.0,15.75,6.03,0.0,0.07489828571428571,1.7306559999999998,0.04327739638280844,0
1.0,1048576.0,1.0,1.0,1048576.0,12582912.0,0.08333333333333333,3.0,1.0,1.0,0.0,0.0,1.0,15.75,6.03,0.0,0.29959314285714284,8.115488,0.03691622030087936,0
1.0,4194304.0,1.0,1.0,4194304.0,50331648.0,0.08333333333333333,3.0,1.0,1.0,0.0,0.0,1.0,15.75,6.03,0.0,1.1983725714285713,67.293568,0.01780812946979675,0
1.0,1024.0,1.0,2.0,2048.0,12288.0,0.16666666666666666,3.0,1.0,1.0,0.0,0.0,1.0,15.75,6.03,0.0,0.001,0.018179999999999998,0.055005500550055014,0
1.0,8192.0,1.0,2.0,16384.0,98304.0,0.16666666666666666,3.0,1.0,1.0,0.0,0.0,1.0,15.75,6.03,0.0,0.004681142857142857,0.125508,0.03729756555074463,0
1.0,65536.0,1.0,2.0,131072.0,786432.0,0.16666666666666666,3.0,1.0,1.0,0.0,0.0,1.0,15.75,6.03,0.0,0.037449142857142854,0.934372,0.04007947889827912,0
1.0,262144.0,1.0,2.0,524288.0,3145728.0,0.16666666666666666,3.0,1.0,1.0,0.0,0.0,1.0,15.75,6.03,0.0,0.14979657142857142,3.915172,0.03826053400171727,0
1.0,1048576.0,1.0,2.0,2097152.0,12582912.0,0.16666666666666666,3.0,1.0,1.0,0.0,0.0,1.0,15.75,6.03,0.0,0.5991862857142857,15.094371999999998,0.039696006280637956,0
1.0,4194304.0,1.0,2.0,8388608.0,50331648.0,0.16666666666666666,3.0,1.0,1.0,0.0,0.0,1.0,15.75,6.03,0.0,2.3967451428571427,60.862724000000014,0.0393795246965473,0
1.0,1024.0,1.0,4.0,4096.0,12288.0,0.3333333333333333,7.0,1.0,1.0,1.0,0.0,1.0,15.75,6.03,0.0,0.0011702857142857142,0.044576000000000005,0.026253717567428978,0
1.0,8192.0,1.0,4.0,32768.0,98304.0,0.3333333333333333,7.0,1.0,1.0,1.0,0.0,1.0,15.75,6.03,0.0,0.009362285714285714,0.151136,0.061946099634009856,0
1.0,65536.0,1.0,4.0,262144.0,786432.0,0.3333333333333333,7.0,1.0,1.0,1.0,0.0,1.0,15.75,6.03,0.0,0.07489828571428571,0.9818879999999999,0.07627986665921746,0
1.0,262144.0,1.0,4.0,1048576.0,3145728.0,0.3333333333333333,7.0,1.0,1.0,1.0,0.0,1.0,15.75,6.03,0.0,0.29959314285714284,7.922943999999999,0.037813361151756576,0
1.0,1048576.0,1.0,4.0,4194304.0,12582912.0,0.3333333333333333,7.0,1.0,1.0,1.0,0.0,1.0,15.75,6.03,0.0,1.1983725714285713,32.055712,0.03738405721353409,0
1.0,2097152.0,1.0,4.0,8388608.0,25165824.0,0.3333333333333333,7.0,1.0,1.0,1.0,0.0,1.0,15.75,6.03,0.0,2.3967451428571427,64.161216,0.037355045497534566,0
1.0,1024.0,1.0,6.0,6144.0,12288.0,0.5,3.0,0.35,0.5,0.0,0.0,1.0,15.75,6.03,0.0,0.0017554285714285714,0.032708,0.053669700728524256,0
1.0,8192.0,1.0,6.0,49152.0,98304.0,0.5,3.0,0.35,0.5,0.0,0.0,1.0,15.75,6.03,0.0,0.014043428571428571,0.24669200000000002,0.05692697197893961,0
1.0,65536.0,1.0,6.0,393216.0,786432.0,0.5,3.0,0.35,0.5,0.0,0.0,1.0,15.75,6.03,0.0,0.11234742857142857,1.8749479999999998,0.05992029036081458,0
1.0,262144.0,1.0,6.0,1572864.0,3145728.0,0.5,3.0,0.35,0.5,0.0,0.0,1.0,15.75,6.03,0.0,0.4493897142857143,7.518116,0.059774245872997206,0
1.0,1048576.0,1.0,6.0,6291456.0,12582912.0,0.5,3.0,0.35,0.5,0.0,0.0,1.0,15.75,6.03,0.0,1.7975588571428571,30.780068,0.058400093760119606,0
1.0,1024.0,1.0,12.0,12288.0,12288.0,1.0,3.0,1.0,1.0,0.0,0.0,1.0,15.75,6.03,0.0,0.003510857142857143,0.028644000000000003,0.12256867556406725,0
1.0,8192.0,1.0,12.0,98304.0,98304.0,1.0,3.0,1.0,1.0,0.0,0.0,1.0,15.75,6.03,0.0,0.028086857142857143,0.24109199999999997,0.11649850323883475,0
1.0,65536.0,1.0,12.0,786432.0,786432.0,1.0,3.0,1.0,1.0,0.0,0.0,1.0,15.75,6.03,0.0,0.22469485714285714,1.8976039999999998,0.11840977208250887,0
1.0,262144.0,1.0,12.0,3145728.0,3145728.0,1.0,3.0,1.0,1.0,0.0,0.0,1.0,15.75,6.03,0.0,0.8987794285714286,7.532484,0.11932045638217466,0
1.0,1048576.0,1.0,12.0,12582912.0,12582912.0,1.0,3.0,1.0,1.0,0.0,0.0,1.0,15.75,6.03,0.0,3.5951177142857142,30.106692000000002,0.11941257824957036,0
1.0,256.0,2.0,5.0,1280.0,3072.0,0.4166666666666667,4.0,0.35,0.5,1.0,0.0,1.0,15.75,6.03,0.0,0.003657142857142857,0.011844,0.30877599266657013,0
1.0,1024.0,2.0,5.0,5120.0,12288.0,0.4166666666666667,4.0,0.35,0.5,1.0,0.0,1.0,15.75,6.03,0.0,0.014628571428571428,0.012132,1.2057839951015024,1
1.0,4096.0,2.0,5.0,20480.0,49152.0,0.4166666666666667,4.0,0.35,0.5,1.0,0.0,1.0,15.75,6.03,0.0,0.05851428571428571,0.029604,1.976566873202463,1
1.0,16384.0,2.0,5.0,81920.0,196608.0,0.4166666666666667,4.0,0.35,0.5,1.0,0.0,1.0,15.75,6.03,0.0,0.23405714285714285,0.11568400000000001,2.0232455902038557,1
1.0,65536.0,2.0,5.0,327680.0,786432.0,0.4166666666666667,4.0,0.35,0.5,1.0,0.0,1.0,15.75,6.03,0.0,0.9362285714285714,0.47318799999999994,1.9785551861597748,1
1.0,262144.0,2.0,5.0,1310720.0,3145728.0,0.4166666666666667,4.0,0.35,0.5,1.0,0.0,1.0,15.75,6.03,0.0,3.7449142857142856,1.9069800000000001,1.9637931628618472,1
1.0,1048576.0,2.0,5.0,5242880.0,12582912.0,0.4166666666666667,4.0,0.35,0.5,1.0,0.0,1.0,15.75,6.03,0.0,14.979657142857143,7.520836,1.9917542601456995,1
1.0,256.0,2.0,5.0,1280.0,3072.0,0.4166666666666667,4.0,0.35,0.5,0.0,0.0,1.0,15.75,6.03,0.0,0.003657142857142857,0.01098,0.33307311995836586,0
1.0,1024.0,2.0,5.0,5120.0,12288.0,0.4166666666666667,4.0,0.35,0.5,0.0,0.0,1.0,15.75,6.03,0.0,0.014628571428571428,0.011652,1.255455838360061,1
1.0,4096.0,2.0,5.0,20480.0,49152.0,0.4166666666666667,4.0,0.35,0.5,0.0,0.0,1.0,15.75,6.03,0.0,0.05851428571428571,0.027620000000000002,2.1185476362884037,1
1.0,16384.0,2.0,5.0,81920.0,196608.0,0.4166666666666667,4.0,0.35,0.5,0.0,0.0,1.0,15.75,6.03,0.0,0.23405714285714285,0.11555599999999999,2.025486715160986,1
1.0,65536.0,2.0,5.0,327680.0,786432.0,0.4166666666666667,4.0,0.35,0.5,0.0,0.0,1.0,15.75,6.03,0.0,0.9362285714285714,0.47897999999999996,1.9546297787560472,1
1.0,262144.0,2.0,5.0,1310720.0,3145728.0,0.4166666666666667,4.0,0.35,0.5,0.0,0.0,1.0,15.75,6.03,0.0,3.7449142857142856,1.8775080000000002,1.9946196158494587,1
1.0,1048576.0,2.0,5.0,5242880.0,12582912.0,0.4166666666666667,4.0,0.35,0.5,0.0,0.0,1.0,15.75,6.03,0.0,14.979657142857143,7.502659999999999,1.9965794988520265,1
1.0,256.0,2.0,10.0,2560.0,3072.0,0.8333333333333334,3.0,0.8,0.5,0.0,0.0,1.0,15.75,6.03,0.0,0.007314285714285714,0.025568,0.28607187555873415,0
1.0,1024.0,2.0,10.0,10240.0,12288.0,0.8333333333333334,3.0,0.8,0.5,0.0,0.0,1.0,15.75,6.03,0.0,0.029257142857142857,0.07680000000000001,0.38095238095238093,0
1.0,4096.0,2.0,10.0,40960.0,49152.0,0.8333333333333334,3.0,0.8,0.5,0.0,0.0,1.0,15.75,6.03,0.0,0.11702857142857143,0.10105599999999999,1.1580566362073645,1
1.0,16384.0,2.0,10.0,163840.0,196608.0,0.8333333333333334,3.0,0.8,0.5,0.0,0.0,1.0,15.75,6.03,0.0,0.4681142857142857,0.149248,3.13648615535408,1
1.0,65536.0,2.0,10.0,655360.0,786432.0,0.8333333333333334,3.0,0.8,0.5,0.0,0.0,1.0,15.75,6.03,0.0,1.8724571428571428,0.573248,3.2663997830906393,1
1.0,262144.0,2.0,10.0,2621440.0,3145728.0,0.8333333333333334,3.0,0.8,0.5,0.0,0.0,1.0,15.75,6.03,0.0,7.489828571428571,2.2884160000000002,3.272931395091002,1
1.0,1024.0,1.0,1.0,1024.0,12288.0,0.08333333333333333,1.0,1.0,1.0,0.0,0.0,1.0,15.75,6.03,0.0,0.001,0.056864,0.01758581879572313,0
1.0,1024.0,1.0,1.0,1024.0,12288.0,0.08333333333333333,1.0,1.0,1.0,1.0,0.0,1.0,15.75,6.03,0.0,0.001,0.041504,0.0240940632228219,0
1.0,1024.0,1.0,1.0,1024.0,12288.0,0.08333333333333333,1.0,0.5,0.5,0.0,0.0,1.0,15.75,6.03,0.0,0.001,0.052832000000000004,0.018927922471229555,0
1.0,1024.0,1.0,1.0,1024.0,12288.0,0.08333333333333333,1.0,0.5,0.5,1.0,0.0,1.0,15.75,6.03,0.0,0.001,0.040415999999999994,0.02474267616785432,0
1.0,1024.0,1.0,1.0,1024.0,12288.0,0.08333333333333333,1.0,0.25,0.25,0.0,0.0,1.0,15.75,6.03,0.0,0.001,0.041472,0.024112654320987654,0
1.0,1024.0,1.0,1.0,1024.0,12288.0,0.08333333333333333,1.0,0.25,0.25,1.0,0.0,1.0,15.75,6.03,0.0,0.001,0.042527999999999996,0.023513920240782547,0
1.0,1024.0,1.0,2.0,2048.0,12288.0,0.16666666666666666,1.0,1.0,1.0,0.0,0.0,1.0,15.75,6.03,0.0,0.001,0.093728,0.010669170365312394,0
1.0,1024.0,1.0,2.0,2048.0,12288.0,0.16666666666666666,1.0,1.0,1.0,1.0,0.0,1.0,15.75,6.03,0.0,0.001,0.052704,0.0189738919247116,0
1.0,1024.0,1.0,2.0,2048.0,12288.0,0.16666666666666666,1.0,0.5,0.5,0.0,0.0,1.0,15.75,6.03,0.0,0.001,0.059104000000000004,0.016919328641039524,0
1.0,1024.0,1.0,2.0,2048.0,12288.0,0.16666666666666666,1.0,0.5,0.5,1.0,0.0,1.0,15.75,6.03,0.0,0.001,0.052736000000000005,0.018962378640776698,0
1.0,1024.0,1.0,2.0,2048.0,12288.0,0.16666666666666666,1.0,0.25,0.25,0.0,0.0,1.0,15.75,6.03,0.0,0.001,0.04041600000000001,0.024742676167854312,0
1.0,1024.0,1.0,2.0,2048.0,12288.0,0.16666666666666666,1.0,0.25,0.25,1.0,0.0,1.0,15.75,6.03,0.0,0.001,0.059072,0.016928494041170097,0
1.0,1024.0,1.0,4.0,4096.0,12288.0,0.3333333333333333,1.0,1.0,1.0,0.0,0.0,1.0,15.75,6.03,0.0,0.001,0.040544,0.02466456195737964,0
1.0,1024.0,1.0,4.0,4096.0,12288.0,0.3333333333333333,1.0,1.0,1.0,1.0,0.0,1.0,15.75,6.03,0.0,0.001,0.0568,0.017605633802816902,0
1.0,1024.0,1.0,4.0,4096.0,12288.0,0.3333333333333333,1.0,0.5,0.5,0.0,0.0,1.0,15.75,6.03,0.0,0.001,0.049824,0.020070648683365448,0
1.0,1024.0,1.0,4.0,4096.0,12288.0,0.3333333333333333,1.0,0.5,0.5,1.0,0.0,1.0,15.75,6.03,0.0,0.001,0.04272,0.02340823970037453,0
1.0,1024.0,1.0,4.0,4096.0,12288.0,0.3333333333333333,1.0,0.25,0.25,0.0,0.0,1.0,15.75,6.03,0.0,0.001,0.0528,0.01893939393939394,0
1.0,1024.0,1.0,4.0,4096.0,12288.0,0.3333333333333333,1.0,0.25,0.25,1.0,0.0,1.0,15.75,6.03,0.0,0.001,0.075232,0.01329221607826457,0
1.0,1024.0,1.0,8.0,8192.0,12288.0,0.6666666666666666,1.0,1.0,1.0,0.0,0.0,1.0,15.75,6.03,0.0,0.001,0.09990399999999999,0.010009609224855862,0
1.0,1024.0,1.0,8.0,8192.0,12288.0,0.6666666666666666,1.0,1.0,1.0,1.0,0.0,1.0,15.75,6.03,0.0,0.001,0.050719999999999994,0.019716088328075712,0
1.0,1024.0,1.0,8.0,8192.0,12288.0,0.6666666666666666,1.0,0.5,0.5,0.0,0.0,1.0,15.75,6.03,0.0,0.001,0.07212800000000001,0.013864241348713396,0
1.0,1024.0,1.0,8.0,8192.0,12288.0,0.6666666666666666,1.0,0.5,0.5,1.0,0.0,1.0,15.75,6.03,0.0,0.001,0.06,0.016666666666666666,0
1.0,1024.0,1.0,8.0,8192.0,12288.0,0.6666666666666666,1.0,0.25,0.25,0.0,0.0,1.0,15.75,6.03,0.0,0.001,0.036512,0.027388255915863278,0
1.0,1024.0,1.0,8.0,8192.0,12288.0,0.6666666666666666,1.0,0.25,0.25,1.0,0.0,1.0,15.75,6.03,0.0,0.001,0.051776,0.01931396786155748,0
1.0,1024.0,1.0,16.0,16384.0,12288.0,1.3333333333333333,1.0,1.0,1.0,0.0,0.0,1.0,15.75,6.03,0.0,0.001,0.052736000000000005,0.018962378640776698,0
1.0,1024.0,1.0,16.0,16384.0,12288.0,1.3333333333333333,1.0,1.0,1.0,1.0,0.0,1.0,15.75,6.03,0.0,0.001,0.051616,0.019373837569745814,0
1.0,1024.0,1.0,16.0,16384.0,12288.0,1.3333333333333333,1.0,0.5,0.5,0.0,0.0,1.0,15.75,6.03,0.0,0.001,0.095808,0.010437541750167001,0
1.0,1024.0,1.0,16.0,16384.0,12288.0,1.3333333333333333,1.0,0.5,0.5,1.0,0.0,1.0,15.75,6.03,0.0,0.001,0.054912,0.018210955710955712,0
1.0,1024.0,1.0,16.0,16384.0,12288.0,1.3333333333333333,1.0,0.25,0.25,0.0,0.0,1.0,15.75,6.03,0.0,0.001,0.050879999999999995,0.019654088050314468,0
1.0,1024.0,1.0,16.0,16384.0,12288.0,1.3333333333333333,1.0,0.25,0.25,1.0,0.0,1.0,15.75,6.03,0.0,0.001,0.041536000000000003,0.024075500770416022,0
1.0,1024.0,1.0,32.0,32768.0,12288.0,2.6666666666666665,1.0,1.0,1.0,0.0,0.0,1.0,15.75,6.03,0.0,0.001,0.051744000000000005,0.019325912183055037,0
1.0,1024.0,1.0,32.0,32768.0,12288.0,2.6666666666666665,1.0,1.0,1.0,1.0,0.0,1.0,15.75,6.03,0.0,0.001,0.053888000000000005,0.018557007125890736,0
1.0,1024.0,1.0,32.0,32768.0,12288.0,2.6666666666666665,1.0,0.5,0.5,0.0,0.0,1.0,15.75,6.03,0.0,0.001,0.051744,0.01932591218305504,0
1.0,1024.0,1.0,32.0,32768.0,12288.0,2.6666666666666665,1.0,0.5,0.5,1.0,0.0,1.0,15.75,6.03,0.0,0.001,0.05888,0.016983695652173912,0
1.0,1024.0,1.0,32.0,32768.0,12288.0,2.6666666666666665,1.0,0.25,0.25,0.0,0.0,1.0,15.75,6.03,0.0,0.001,0.060032,0.01665778251599147,0
1.0,1024.0,1.0,32.0,32768.0,12288.0,2.6666666666666665,1.0,0.25,0.25,1.0,0.0,1.0,15.75,6.03,0.0,0.001,0.09776,0.010229132569558102,0
1.0,4096.0,1.0,1.0,4096.0,49152.0,0.08333333333333333,1.0,1.0,1.0,0.0,0.0,1.0,15.75,6.03,0.0,0.001,0.179584,0.005568424803991447,0
1.0,4096.0,1.0,1.0,4096.0,49152.0,0.08333333333333333,1.0,1.0,1.0,1.0,0.0,1.0,15.75,6.03,0.0,0.001,0.17971200000000004,0.0055644586894586885,0
1.0,4096.0,1.0,1.0,4096.0,49152.0,0.08333333333333333,1.0,0.5,0.5,0.0,0.0,1.0,15.75,6.03,0.0,0.001,0.128448,0.007785251619332336,0
1.0,4096.0,1.0,1.0,4096.0,49152.0,0.08333333333333333,1.0,0.5,0.5,1.0,0.0,1.0,15.75,6.03,0.0,0.001,0.130464,0.007664949717929851,0
1.0,4096.0,1.0,1.0,4096.0,49152.0,0.08333333333333333,1.0,0.25,0.25,0.0,0.0,1.0,15.75,6.03,0.0,0.001,0.129568,0.007717955050629786,0
1.0,4096.0,1.0,1.0,4096.0,49152.0,0.08333333333333333,1.0,0.25,0.25,1.0,0.0,1.0,15.75,6.03,0.0,0.001,0.14464,0.006913716814159292,0
1.0,4096.0,1.0,2.0,8192.0,49152.0,0.16666666666666666,1.0,1.0,1.0,0.0,0.0,1.0,15.75,6.03,0.0,0.001,0.129472,0.007723677706376668,0
1.0,4096.0,1.0,2.0,8192.0,49152.0,0.16666666666666666,1.0,1.0,1.0,1.0,0.0,1.0,15.75,6.03,0.0,0.001,0.186752,0.005354694996572995,0
1.0,4096.0,1.0,2.0,8192.0,49152.0,0.16666666666666666,1.0,0.5,0.5,0.0,0.0,1.0,15.75,6.03,0.0,0.001,0.138752,0.007207103321033212,0
1.0,4096.0,1.0,2.0,8192.0,49152.0,0.16666666666666666,1.0,0.5,0.5,1.0,0.0,1.0,15.75,6.03,0.0,0.001,0.1304,0.007668711656441719,0
1.0,4096.0,1.0,2.0,8192.0,49152.0,0.16666666666666666,1.0,0.25,0.25,0.0,0.0,1.0,15.75,6.03,0.0,0.001,0.14611200000000002,0.0068440648269820405,0
1.0,4096.0,1.0,2.0,8192.0,49152.0,0.16666666666666666,1.0,0.25,0.25,1.0,0.0,1.0,15.75,6.03,0.0,0.001,0.1304,0.007668711656441719,0
1.0,4096.0,1.0,4.0,16384.0,49152.0,0.3333333333333333,1.0,1.0,1.0,0.0,0.0,1.0,15.75,6.03,0.0,0.001,0.180608,0.005536853295535082,0
1.0,4096.0,1.0,4.0,16384.0,49152.0,0.3333333333333333,1.0,1.0,1.0,1.0,0.0,1.0,15.75,6.03,0.0,0.001,0.139776,0.007154304029304029,0
1.0,4096.0,1.0,4.0,16384.0,49152.0,0.3333333333333333,1.0,0.5,0.5,0.0,0.0,1.0,15.75,6.03,0.0,0.001,0.182688,0.005473813277281486,0
1.0,4096.0,1.0,4.0,16384.0,49152.0,0.3333333333333333,1.0,0.5,0.5,1.0,0.0,1.0,15.75,6.03,0.0,0.001,0.182656,0.005474772249474421,0
1.0,4096.0,1.0,4.0,16384.0,49152.0,0.3333333333333333,1.0,0.25,0.25,0.0,0.0,1.0,15.75,6.03,0.0,0.001,0.197024,0.005075523794055546,0
1.0,4096.0,1.0,4.0,16384.0,49152.0,0.3333333333333333,1.0,0.25,0.25,1.0,0.0,1.0,15.75,6.03,0.0,0.001,0.179552,0.005569417216182499,0
1.0,4096.0,1.0,8.0,32768.0,49152.0,0.6666666666666666,1.0,1.0,1.0,0.0,0.0,1.0,15.75,6.03,0.0,0.001,0.179616,0.0055674327454124355,0
1.0,4096.0,1.0,8.0,32768.0,49152.0,0.6666666666666666,1.0,1.0,1.0,1.0,0.0,1.0,15.75,6.03,0.0,0.001,0.142816,0.007002016580775264,0
1.0,4096.0,1.0,8.0,32768.0,49152.0,0.6666666666666666,1.0,0.5,0.5,0.0,0.0,1.0,15.75,6.03,0.0,0.001,0.185728,0.005384217780840799,0
1.0,4096.0,1.0,8.0,32768.0,49152.0,0.6666666666666666,1.0,0.5,0.5,1.0,0.0,1.0,15.75,6.03,0.0,0.001,0.179552,0.005569417216182499,0
1.0,4096.0,1.0,8.0,32768.0,49152.0,0.6666666666666666,1.0,0.25,0.25,0.0,0.0,1.0,15.75,6.03,0.0,0.001,0.200064,0.004998400511836212,0
1.0,4096.0,1.0,8.0,32768.0,49152.0,0.6666666666666666,1.0,0.25,0.25,1.0,0.0,1.0,15.75,6.03,0.0,0.001,0.182688,0.005473813277281486,0
1.0,4096.0,1.0,16.0,65536.0,49152.0,1.3333333333333333,1.0,1.0,1.0,0.0,0.0,1.0,15.75,6.03,0.0,0.001872457142857143,0.18576,0.010079980312538452,0
1.0,4096.0,1.0,16.0,65536.0,49152.0,1.3333333333333333,1.0,1.0,1.0,1.0,0.0,1.0,15.75,6.03,0.0,0.001872457142857143,0.14588800000000002,0.012834894870428978,0
1.0,4096.0,1.0,16.0,65536.0,49152.0,1.3333333333333333,1.0,0.5,0.5,0.0,0.0,1.0,15.75,6.03,0.0,0.001872457142857143,0.14278400000000002,0.013113914324133955,0
1.0,4096.0,1.0,16.0,65536.0,49152.0,1.3333333333333333,1.0,0.5,0.5,1.0,0.0,1.0,15.75,6.03,0.0,0.001872457142857143,0.144704,0.012939912807228155,0
1.0,4096.0,1.0,16.0,65536.0,49152.0,1.3333333333333333,1.0,0.25,0.25,0.0,0.0,1.0,15.75,6.03,0.0,0.001872457142857143,0.139808,0.013393061504757546,0
1.0,4096.0,1.0,16.0,65536.0,49152.0,1.3333333333333333,1.0,0.25,0.25,1.0,0.0,1.0,15.75,6.03,0.0,0.001872457142857143,0.147872,0.012662688966519306,0
1.0,4096.0,1.0,32.0,131072.0,49152.0,2.6666666666666665,1.0,1.0,1.0,0.0,0.0,1.0,15.75,6.03,0.0,0.003744914285714286,0.14284800000000003,0.02621607782898105,0
1.0,4096.0,1.0,32.0,131072.0,49152.0,2.6666666666666665,1.0,1.0,1.0,1.0,0.0,1.0,15.75,6.03,0.0,0.003744914285714286,0.128448,0.029155100007117945,0
1.0,4096.0,1.0,32.0,131072.0,49152.0,2.6666666666666665,1.0,0.5,0.5,0.0,0.0,1.0,15.75,6.03,0.0,0.003744914285714286,0.187808,0.019940121218022053,0
1.0,4096.0,1.0,32.0,131072.0,49152.0,2.6666666666666665,1.0,0.5,0.5,1.0,0.0,1.0,15.75,6.03,0.0,0.003744914285714286,0.21136000000000002,0.01771817886882232,0
1.0,4096.0,1.0,32.0,131072.0,49152.0,2.6666666666666665,1.0,0.25,0.25,0.0,0.0,1.0,15.75,6.03,0.0,0.003744914285714286,0.129632,0.028888810522974928,0
1.0,4096.0,1.0,32.0,131072.0,49152.0,2.6666666666666665,1.0,0.25,0.25,1.0,0.0,1.0,15.75,6.03,0.0,0.003744914285714286,0.13145600000000002,0.028487967728474055,0
1.0,16384.0,1.0,1.0,16384.0,196608.0,0.08333333333333333,1.0,1.0,1.0,0.0,0.0,1.0,15.75,6.03,0.0,0.001,0.50288,0.001988545975182946,0
1.0,16384.0,1.0,1.0,16384.0,196608.0,0.08333333333333333,1.0,1.0,1.0,1.0,0.0,1.0,15.75,6.03,0.0,0.001,0.540288,0.0018508647239990524,0
1.0,16384.0,1.0,1.0,16384.0,196608.0,0.08333333333333333,1.0,0.5,0.5,0.0,0.0,1.0,15.75,6.03,0.0,0.001,0.504224,0.0019832455416640225,0
1.0,16384.0,1.0,1.0,16384.0,196608.0,0.08333333333333333,1.0,0.5,0.5,1.0,0.0,1.0,15.75,6.03,0.0,0.001,0.510528,0.0019587564247210733,0
1.0,16384.0,1.0,1.0,16384.0,196608.0,0.08333333333333333,1.0,0.25,0.25,0.0,0.0,1.0,15.75,6.03,0.0,0.001,0.497952,0.002008225692436219,0
1.0,16384.0,1.0,1.0,16384.0,196608.0,0.08333333333333333,1.0,0.25,0.25,1.0,0.0,1.0,15.75,6.03,0.0,0.001,0.502144,0.0019914606168748407,0
1.0,16384.0,1.0,2.0,32768.0,196608.0,0.16666666666666666,1.0,1.0,1.0,0.0,0.0,1.0,15.75,6.03,0.0,0.001,0.536352,0.0018644472286856392,0
1.0,16384.0,1.0,2.0,32768.0,196608.0,0.16666666666666666,1.0,1.0,1.0,1.0,0.0,1.0,15.75,6.03,0.0,0.001,0.5001599999999999,0.0019993602047344854,0
1.0,16384.0,1.0,2.0,32768.0,196608.0,0.16666666666666666,1.0,0.5,0.5,0.0,0.0,1.0,15.75,6.03,0.0,0.001,0.541088,0.0018481282157430954,0
1.0,16384.0,1.0,2.0,32768.0,196608.0,0.16666666666666666,1.0,0.5,0.5,1.0,0.0,1.0,15.75,6.03,0.0,0.001,0.503872,0.0019846310174012447,0
1.0,16384.0,1.0,2.0,32768.0,196608.0,0.16666666666666666,1.0,0.25,0.25,0.0,0.0,1.0,15.75,6.03,0.0,0.001,0.607648,0.0016456896097740798,0
1.0,16384.0,1.0,2.0,32768.0,196608.0,0.16666666666666666,1.0,0.25,0.25,1.0,0.0,1.0,15.75,6.03,0.0,0.001,0.5035839999999999,0.001985766029103387,0
1.0,16384.0,1.0,4.0,65536.0,196608.0,0.3333333333333333,1.0,1.0,1.0,0.0,0.0,1.0,15.75,6.03,0.0,0.001872457142857143,0.539968,0.00346771872195601,0
1.0,16384.0,1.0,4.0,65536.0,196608.0,0.3333333333333333,1.0,1.0,1.0,1.0,0.0,1.0,15.75,6.03,0.0,0.001872457142857143,0.49920000000000003,0.0037509157509157507,0
1.0,16384.0,1.0,4.0,65536.0,196608.0,0.3333333333333333,1.0,0.5,0.5,0.0,0.0,1.0,15.75,6.03,0.0,0.001872457142857143,0.49516800000000005,0.0037814582987130483,0
1.0,16384.0,1.0,4.0,65536.0,196608.0,0.3333333333333333,1.0,0.5,0.5,1.0,0.0,1.0,15.75,6.03,0.0,0.001872457142857143,0.504448,0.003711893283068112,0
1.0,16384.0,1.0,4.0,65536.0,196608.0,0.3333333333333333,1.0,0.25,0.25,0.0,0.0,1.0,15.75,6.03,0.0,0.001872457142857143,0.489248,0.003827214710856545,0
1.0,16384.0,1.0,4.0,65536.0,196608.0,0.3333333333333333,1.0,0.25,0.25,1.0,0.0,1.0,15.75,6.03,0.0,0.001872457142857143,0.502048,0.003729637689737122,0
1.0,16384.0,1.0,8.0,131072.0,196608.0,0.6666666666666666,1.0,1.0,1.0,0.0,0.0,1.0,15.75,6.03,0.0,0.003744914285714286,0.524832,0.00713545341311941,0
1.0,16384.0,1.0,8.0,131072.0,196608.0,0.6666666666666666,1.0,1.0,1.0,1.0,0.0,1.0,15.75,6.03,0.0,0.003744914285714286,0.56608,0.00661552127917306,0
1.0,16384.0,1.0,8.0,131072.0,196608.0,0.6666666666666666,1.0,0.5,0.5,0.0,0.0,1.0,15.75,6.03,0.0,0.003744914285714286,0.48860800000000004,0.007664455526136055,0
1.0,16384.0,1.0,8.0,131072.0,196608.0,0.6666666666666666,1.0,0.5,0.5,1.0,0.0,1.0,15.75,6.03,0.0,0.003744914285714286,0.503584,0.0074365235704754035,0
1.0,16384.0,1.0,8.0,131072.0,196608.0,0.6666666666666666,1.0,0.25,0.25,0.0,0.0,1.0,15.75,6.03,0.0,0.003744914285714286,0.49839999999999995,0.007513872964916304,0
1.0,16384.0,1.0,8.0,131072.0,196608.0,0.6666666666666666,1.0,0.25,0.25,1.0,0.0,1.0,15.75,6.03,0.0,0.003744914285714286,0.501952,0.00746070199085627,0
1.0,16384.0,1.0,16.0,262144.0,196608.0,1.3333333333333333,1.0,1.0,1.0,0.0,0.0,1.0,15.75,6.03,0.0,0.007489828571428572,0.556064,0.013469364266394824,0
1.0,16384.0,1.0,16.0,262144.0,196608.0,1.3333333333333333,1.0,1.0,1.0,1.0,0.0,1.0,15.75,6.03,0.0,0.007489828571428572,0.48896,0.015317875841436051,0
1.0,16384.0,1.0,16.0,262144.0,196608.0,1.3333333333333333,1.0,0.5,0.5,0.0,0.0,1.0,15.75,6.03,0.0,0.007489828571428572,0.502176,0.014914748158869744,0
1.0,16384.0,1.0,16.0,262144.0,196608.0,1.3333333333333333,1.0,0.5,0.5,1.0,0.0,1.0,15.75,6.03,0.0,0.007489828571428572,0.5203199999999999,0.014394658232296612,0
1.0,16384.0,1.0,16.0,262144.0,196608.0,1.3333333333333333,1.0,0.25,0.25,0.0,0.0,1.0,15.75,6.03,0.0,0.007489828571428572,0.5015040000000001,0.014934733464595638,0
1.0,16384.0,1.0,16.0,262144.0,196608.0,1.3333333333333333,1.0,0.25,0.25,1.0,0.0,1.0,15.75,6.03,0.0,0.007489828571428572,0.505056,0.014829699224301014,0
1.0,16384.0,1.0,32.0,524288.0,196608.0,2.6666666666666665,1.0,1.0,1.0,0.0,0.0,1.0,15.75,6.03,0.0,0.014979657142857143,0.49673599999999996,0.030156173788203684,0
1.0,16384.0,1.0,32.0,524288.0,196608.0,2.6666666666666665,1.0,1.0,1.0,1.0,0.0,1.0,15.75,6.03,0.0,0.014979657142857143,0.540416,0.027718752114772958,0
1.0,16384.0,1.0,32.0,524288.0,196608.0,2.6666666666666665,1.0,0.5,0.5,0.0,0.0,1.0,15.75,6.03,0.0,0.014979657142857143,0.49376000000000003,0.03033793167299324,0
1.0,16384.0,1.0,32.0,524288.0,196608.0,2.6666666666666665,1.0,0.5,0.5,1.0,0.0,1.0,15.75,6.03,0.0,0.014979657142857143,0.54816,0.027327162038195314,0
1.0,16384.0,1.0,32.0,524288.0,196608.0,2.6666666666666665,1.0,0.25,0.25,0.0,0.0,1.0,15.75,6.03,0.0,0.014979657142857143,0.508032,0.02948565669654105,0
1.0,16384.0,1.0,32.0,524288.0,196608.0,2.6666666666666665,1.0,0.25,0.25,1.0,0.0,1.0,15.75,6.03,0.0,0.014979657142857143,0.48937600000000003,0.03060970939085109,0
1.0,65536.0,1.0,1.0,65536.0,786432.0,0.08333333333333333,1.0,1.0,1.0,0.0,0.0,1.0,15.75,6.03,0.0,0.001872457142857143,1.956512,0.000957038414718204,0
1.0,65536.0,1.0,1.0,65536.0,786432.0,0.08333333333333333,1.0,1.0,1.0,1.0,0.0,1.0,15.75,6.03,0.0,0.001872457142857143,1.961888,0.0009544159212234047,0
1.0,65536.0,1.0,1.0,65536.0,786432.0,0.08333333333333333,1.0,0.5,0.5,0.0,0.0,1.0,15.75,6.03,0.0,0.001872457142857143,1.9950080000000001,0.0009385712452567322,0
1.0,65536.0,1.0,1.0,65536.0,786432.0,0.08333333333333333,1.0,0.5,0.5,1.0,0.0,1.0,15.75,6.03,0.0,0.001872457142857143,2.000096,0.0009361836346141099,0
1.0,65536.0,1.0,1.0,65536.0,786432.0,0.08333333333333333,1.0,0.25,0.25,0.0,0.0,1.0,15.75,6.03,0.0,0.001872457142857143,2.077312,0.0009013846465322218,0
1.0,65536.0,1.0,1.0,65536.0,786432.0,0.08333333333333333,1.0,0.25,0.25,1.0,0.0,1.0,15.75,6.03,0.0,0.001872457142857143,2.078592,0.0009008295725458112,0
1.0,65536.0,1.0,2.0,131072.0,786432.0,0.16666666666666666,1.0,1.0,1.0,0.0,0.0,1.0,15.75,6.03,0.0,0.003744914285714286,1.9666559999999997,0.0019042040324867625,0
1.0,65536.0,1.0,2.0,131072.0,786432.0,0.16666666666666666,1.0,1.0,1.0,1.0,0.0,1.0,15.75,6.03,0.0,0.003744914285714286,1.9562560000000002,0.0019143273097765759,0
1.0,65536.0,1.0,2.0,131072.0,786432.0,0.16666666666666666,1.0,0.5,0.5,0.0,0.0,1.0,15.75,6.03,0.0,0.003744914285714286,1.9943680000000001,0.0018777448724178714,0
1.0,65536.0,1.0,2.0,131072.0,786432.0,0.16666666666666666,1.0,0.5,0.5,1.0,0.0,1.0,15.75,6.03,0.0,0.003744914285714286,2.0041919999999998,0.0018685406815885336,0
1.0,65536.0,1.0,2.0,131072.0,786432.0,0.16666666666666666,1.0,0.25,0.25,0.0,0.0,1.0,15.75,6.03,0.0,0.003744914285714286,2.07744,0.0018026582167062757,0
1.0,65536.0,1.0,2.0,131072.0,786432.0,0.16666666666666666,1.0,0.25,0.25,1.0,0.0,1.0,15.75,6.03,0.0,0.003744914285714286,2.078048,0.0018021307908740731,0
1.0,65536.0,1.0,4.0,262144.0,786432.0,0.3333333333333333,1.0,1.0,1.0,0.0,0.0,1.0,15.75,6.03,0.0,0.007489828571428572,1.960992,0.0038194080197311215,0
1.0,65536.0,1.0,4.0,262144.0,786432.0,0.3333333333333333,1.0,1.0,1.0,1.0,0.0,1.0,15.75,6.03,0.0,0.007489828571428572,1.975456,0.0037914428726474147,0
1.0,65536.0,1.0,4.0,262144.0,786432.0,0.3333333333333333,1.0,0.5,0.5,0.0,0.0,1.0,15.75,6.03,0.0,0.007489828571428572,1.997696,0.003749233402594074,0
1.0,65536.0,1.0,4.0,262144.0,786432.0,0.3333333333333333,1.0,0.5,0.5,1.0,0.0,1.0,15.75,6.03,0.0,0.007489828571428572,2.001792,0.003741561846300001,0
1.0,65536.0,1.0,4.0,262144.0,786432.0,0.3333333333333333,1.0,0.25,0.25,0.0,0.0,1.0,15.75,6.03,0.0,0.007489828571428572,2.078368,0.0036037066445540784,0
1.0,65536.0,1.0,4.0,262144.0,786432.0,0.3333333333333333,1.0,0.25,0.25,1.0,0.0,1.0,15.75,6.03,0.0,0.007489828571428572,2.080224,0.0036004913756540508,0
1.0,65536.0,1.0,8.0,524288.0,786432.0,0.6666666666666666,1.0,1.0,1.0,0.0,0.0,1.0,15.75,6.03,0.0,0.014979657142857143,1.9621119999999999,0.007634455700213415,0
1.0,65536.0,1.0,8.0,524288.0,786432.0,0.6666666666666666,1.0,1.0,1.0,1.0,0.0,1.0,15.75,6.03,0.0,0.014979657142857143,1.980704,0.007562794411914725,0
1.0,65536.0,1.0,8.0,524288.0,786432.0,0.6666666666666666,1.0,0.5,0.5,0.0,0.0,1.0,15.75,6.03,0.0,0.014979657142857143,2.000256,0.007488869996069076,0
1.0,65536.0,1.0,8.0,524288.0,786432.0,0.6666666666666666,1.0,0.5,0.5,1.0,0.0,1.0,15.75,6.03,0.0,0.014979657142857143,2.001536,0.007484080797376186,0
1.0,65536.0,1.0,8.0,524288.0,786432.0,0.6666666666666666,1.0,0.25,0.25,0.0,0.0,1.0,15.75,6.03,0.0,0.014979657142857143,2.077824,0.007209300278973168,0
1.0,65536.0,1.0,8.0,524288.0,786432.0,0.6666666666666666,1.0,0.25,0.25,1.0,0.0,1.0,15.75,6.03,0.0,0.014979657142857143,2.080864,0.007198767984287846,0
1.0,65536.0,1.0,16.0,1048576.0,786432.0,1.3333333333333333,1.0,1.0,1.0,0.0,0.0,1.0,15.75,6.03,0.0,0.029959314285714286,1.963168,0.015260698160174925,0
1.0,65536.0,1.0,16.0,1048576.0,786432.0,1.3333333333333333,1.0,1.0,1.0,1.0,0.0,1.0,15.75,6.03,0.0,0.029959314285714286,1.956736,0.015310861703221225,0
1.0,65536.0,1.0,16.0,1048576.0,786432.0,1.3333333333333333,1.0,0.5,0.5,0.0,0.0,1.0,15.75,6.03,0.0,0.029959314285714286,1.993824,0.015026057608752972,0
1.0,65536.0,1.0,16.0,1048576.0,786432.0,1.3333333333333333,1.0,0.5,0.5,1.0,0.0,1.0,15.75,6.03,0.0,0.029959314285714286,2.0019839999999998,0.014964812049304235,0
1.0,65536.0,1.0,16.0,1048576.0,786432.0,1.3333333333333333,1.0,0.25,0.25,0.0,0.0,1.0,15.75,6.03,0.0,0.029959314285714286,2.077184,0.014423043064896652,0
1.0,65536.0,1.0,16.0,1048576.0,786432.0,1.3333333333333333,1.0,0.25,0.25,1.0,0.0,1.0,15.75,6.03,0.0,0.029959314285714286,2.081024,0.014396429010772717,0
1.0,65536.0,1.0,32.0,2097152.0,786432.0,2.6666666666666665,1.0,1.0,1.0,0.0,0.0,1.0,15.75,6.03,0.0,0.05991862857142857,1.960896,0.030556760058375647,0
1.0,65536.0,1.0,32.0,2097152.0,786432.0,2.6666666666666665,1.0,1.0,1.0,1.0,0.0,1.0,15.75,6.03,0.0,0.05991862857142857,1.9566080000000001,0.030623726659314777,0
1.0,65536.0,1.0,32.0,2097152.0,786432.0,2.6666666666666665,1.0,0.5,0.5,0.0,0.0,1.0,15.75,6.03,0.0,0.05991862857142857,1.995008,0.030034279848215432,0
1.0,65536.0,1.0,32.0,2097152.0,786432.0,2.6666666666666665,1.0,0.5,0.5,1.0,0.0,1.0,15.75,6.03,0.0,0.05991862857142857,2.001312,0.029939673859662348,0
1.0,65536.0,1.0,32.0,2097152.0,786432.0,2.6666666666666665,1.0,0.25,0.25,0.0,0.0,1.0,15.75,6.03,0.0,0.05991862857142857,2.076256,0.028858979129466007,0
1.0,65536.0,1.0,32.0,2097152.0,786432.0,2.6666666666666665,1.0,0.25,0.25,1.0,0.0,1.0,15.75,6.03,0.0,0.05991862857142857,2.076448,0.028856310666787018,0
1.0,131072.0,1.0,1.0,131072.0,1572864.0,0.08333333333333333,1.0,1.0,1.0,0.0,0.0,1.0,15.75,6.03,0.0,0.003744914285714286,3.946272,0.000948975206400949,0
1.0,131072.0,1.0,1.0,131072.0,1572864.0,0.08333333333333333,1.0,1.0,1.0,1.0,0.0,1.0,15.75,6.03,0.0,0.003744914285714286,3.9489919999999996,0.0009483215680645304,0
1.0,131072.0,1.0,1.0,131072.0,1572864.0,0.08333333333333333,1.0,0.5,0.5,0.0,0.0,1.0,15.75,6.03,0.0,0.003744914285714286,4.0544,0.0009236667042507611,0
1.0,131072.0,1.0,1.0,131072.0,1572864.0,0.08333333333333333,1.0,0.5,0.5,1.0,0.0,1.0,15.75,6.03,0.0,0.003744914285714286,4.047456,0.0009252513889500678,0
1.0,131072.0,1.0,1.0,131072.0,1572864.0,0.08333333333333333,1.0,0.25,0.25,0.0,0.0,1.0,15.75,6.03,0.0,0.003744914285714286,4.224608,0.0008864524911457551,0
1.0,131072.0,1.0,1.0,131072.0,1572864.0,0.08333333333333333,1.0,0.25,0.25,1.0,0.0,1.0,15.75,6.03,0.0,0.003744914285714286,4.221056000000001,0.0008871984370058784,0
1.0,131072.0,1.0,2.0,262144.0,1572864.0,0.16666666666666666,1.0,1.0,1.0,0.0,0.0,1.0,15.75,6.03,0.0,0.007489828571428572,3.9464000000000006,0.0018978888534939616,0
1.0,131072.0,1.0,2.0,262144.0,1572864.0,0.16666666666666666,1.0,1.0,1.0,1.0,0.0,1.0,15.75,6.03,0.0,0.007489828571428572,3.966368,0.001888334257292458,0
1.0,131072.0,1.0,2.0,262144.0,1572864.0,0.16666666666666666,1.0,0.5,0.5,0.0,0.0,1.0,15.75,6.03,0.0,0.007489828571428572,4.042368,0.0018528319468758341,0
1.0,131072.0,1.0,2.0,262144.0,1572864.0,0.16666666666666666,1.0,0.5,0.5,1.0,0.0,1.0,15.75,6.03,0.0,0.007489828571428572,4.131776,0.0018127382925474593,0
1.0,131072.0,1.0,2.0,262144.0,1572864.0,0.16666666666666666,1.0,0.25,0.25,0.0,0.0,1.0,15.75,6.03,0.0,0.007489828571428572,4.22928,0.0017709464900476136,0
1.0,131072.0,1.0,2.0,262144.0,1572864.0,0.16666666666666666,1.0,0.25,0.25,1.0,0.0,1.0,15.75,6.03,0.0,0.007489828571428572,4.20592,0.0017807824617274157,0
1.0,131072.0,1.0,4.0,524288.0,1572864.0,0.3333333333333333,1.0,1.0,1.0,0.0,0.0,1.0,15.75,6.03,0.0,0.014979657142857143,3.9341440000000003,0.0038076026558400357,0
1.0,131072.0,1.0,4.0,524288.0,1572864.0,0.3333333333333333,1.0,1.0,1.0,1.0,0.0,1.0,15.75,6.03,0.0,0.014979657142857143,3.93488,0.003806890462442855,0
1.0,131072.0,1.0,4.0,524288.0,1572864.0,0.3333333333333333,1.0,0.5,0.5,0.0,0.0,1.0,15.75,6.03,0.0,0.014979657142857143,4.040032,0.0037078065576849747,0
1.0,131072.0,1.0,4.0,524288.0,1572864.0,0.3333333333333333,1.0,0.5,0.5,1.0,0.0,1.0,15.75,6.03,0.0,0.014979657142857143,4.037888000000001,0.003709775294128302,0
1.0,131072.0,1.0,4.0,524288.0,1572864.0,0.3333333333333333,1.0,0.25,0.25,0.0,0.0,1.0,15.75,6.03,0.0,0.014979657142857143,4.210368,0.003557802344796736,0
1.0,131072.0,1.0,4.0,524288.0,1572864.0,0.3333333333333333,1.0,0.25,0.25,1.0,0.0,1.0,15.75,6.03,0.0,0.014979657142857143,4.219200000000001,0.003550354840457229,0
1.0,131072.0,1.0,8.0,1048576.0,1572864.0,0.6666666666666666,1.0,1.0,1.0,0.0,0.0,1.0,15.75,6.03,0.0,0.029959314285714286,3.9318079999999997,0.00761972972375922,0
1.0,131072.0,1.0,8.0,1048576.0,1572864.0,0.6666666666666666,1.0,1.0,1.0,1.0,0.0,1.0,15.75,6.03,0.0,0.029959314285714286,3.94208,0.007599874757923302,0
1.0,131072.0,1.0,8.0,1048576.0,1572864.0,0.6666666666666666,1.0,0.5,0.5,0.0,0.0,1.0,15.75,6.03,0.0,0.029959314285714286,4.036544,0.00742202098768508,0
1.0,131072.0,1.0,8.0,1048576.0,1572864.0,0.6666666666666666,1.0,0.5,0.5,1.0,0.0,1.0,15.75,6.03,0.0,0.029959314285714286,4.042432,0.007411210450964738,0
1.0,131072.0,1.0,8.0,1048576.0,1572864.0,0.6666666666666666,1.0,0.25,0.25,0.0,0.0,1.0,15.75,6.03,0.0,0.029959314285714286,4.223072,0.0070941992667220176,0
1.0,131072.0,1.0,8.0,1048576.0,1572864.0,0.6666666666666666,1.0,0.25,0.25,1.0,0.0,1.0,15.75,6.03,0.0,0.029959314285714286,4.226336,0.0070887204154412445,0
1.0,131072.0,1.0,16.0,2097152.0,1572864.0,1.3333333333333333,1.0,1.0,1.0,0.0,0.0,1.0,15.75,6.03,0.0,0.05991862857142857,3.918176,0.015292480116112337,0
1.0,131072.0,1.0,16.0,2097152.0,1572864.0,1.3333333333333333,1.0,1.0,1.0,1.0,0.0,1.0,15.75,6.03,0.0,0.05991862857142857,3.947616,0.015178433913386857,0
1.0,131072.0,1.0,16.0,2097152.0,1572864.0,1.3333333333333333,1.0,0.5,0.5,0.0,0.0,1.0,15.75,6.03,0.0,0.05991862857142857,4.042624,0.014821716927280047,0
1.0,131072.0,1.0,16.0,2097152.0,1572864.0,1.3333333333333333,1.0,0.5,0.5,1.0,0.0,1.0,15.75,6.03,0.0,0.05991862857142857,4.04096,0.014827820263360334,0
1.0,131072.0,1.0,16.0,2097152.0,1572864.0,1.3333333333333333,1.0,0.25,0.25,0.0,0.0,1.0,15.75,6.03,0.0,0.05991862857142857,4.224064,0.01418506646003199,0
1.0,131072.0,1.0,16.0,2097152.0,1572864.0,1.3333333333333333,1.0,0.25,0.25,1.0,0.0,1.0,15.75,6.03,0.0,0.05991862857142857,4.2198720000000005,0.014199157834983754,0
1.0,131072.0,1.0,32.0,4194304.0,1572864.0,2.6666666666666665,1.0,1.0,1.0,0.0,0.0,1.0,15.75,6.03,0.0,0.11983725714285715,3.9498879999999996,0.03033940636870138,0
1.0,131072.0,1.0,32.0,4194304.0,1572864.0,2.6666666666666665,1.0,1.0,1.0,1.0,0.0,1.0,15.75,6.03,0.0,0.11983725714285715,3.944448,0.03038124907283786,0
1.0,131072.0,1.0,32.0,4194304.0,1572864.0,2.6666666666666665,1.0,0.5,0.5,0.0,0.0,1.0,15.75,6.03,0.0,0.11983725714285715,4.042783999999999,0.029642260665634662,0
1.0,131072.0,1.0,32.0,4194304.0,1572864.0,2.6666666666666665,1.0,0.5,0.5,1.0,0.0,1.0,15.75,6.03,0.0,0.11983725714285715,4.038816000000001,0.029671383183303503,0
1.0,131072.0,1.0,32.0,4194304.0,1572864.0,2.6666666666666665,1.0,0.25,0.25,0.0,0.0,1.0,15.75,6.03,0.0,0.11983725714285715,4.223167999999999,0.028376152012625867,0
1.0,131072.0,1.0,32.0,4194304.0,1572864.0,2.6666666666666665,1.0,0.25,0.25,1.0,0.0,1.0,15.75,6.03,0.0,0.11983725714285715,4.227872,0.02834458023867732,0
1.0,262144.0,1.0,1.0,262144.0,3145728.0,0.08333333333333333,1.0,1.0,1.0,0.0,0.0,1.0,15.75,6.03,0.0,0.007489828571428572,7.930368,0.0009444490560121009,0
1.0,262144.0,1.0,1.0,262144.0,3145728.0,0.08333333333333333,1.0,1.0,1.0,1.0,0.0,1.0,15.75,6.03,0.0,0.007489828571428572,7.947903999999999,0.0009423652539623745,0
1.0,262144.0,1.0,1.0,262144.0,3145728.0,0.08333333333333333,1.0,0.5,0.5,0.0,0.0,1.0,15.75,6.03,0.0,0.007489828571428572,8.129856,0.0009212744446431242,0
1.0,262144.0,1.0,1.0,262144.0,3145728.0,0.08333333333333333,1.0,0.5,0.5,1.0,0.0,1.0,15.75,6.03,0.0,0.007489828571428572,8.137696,0.000920386872577763,0
1.0,262144.0,1.0,1.0,262144.0,3145728.0,0.08333333333333333,1.0,0.25,0.25,0.0,0.0,1.0,15.75,6.03,0.0,0.007489828571428572,8.490176,0.0008821758902793737,0
1.0,262144.0,1.0,1.0,262144.0,3145728.0,0.08333333333333333,1.0,0.25,0.25,1.0,0.0,1.0,15.75,6.03,0.0,0.007489828571428572,8.468224,0.0008844627363929641,0
1.0,262144.0,1.0,2.0,524288.0,3145728.0,0.16666666666666666,1.0,1.0,1.0,0.0,0.0,1.0,15.75,6.03,0.0,0.014979657142857143,7.959392,0.0018820102267682183,0
1.0,262144.0,1.0,2.0,524288.0,3145728.0,0.16666666666666666,1.0,1.0,1.0,1.0,0.0,1.0,15.75,6.03,0.0,0.014979657142857143,7.932736,0.001888334257292458,0
1.0,262144.0,1.0,2.0,524288.0,3145728.0,0.16666666666666666,1.0,0.5,0.5,0.0,0.0,1.0,15.75,6.03,0.0,0.014979657142857143,8.132768,0.0018418891505151927,0
1.0,262144.0,1.0,2.0,524288.0,3145728.0,0.16666666666666666,1.0,0.5,0.5,1.0,0.0,1.0,15.75,6.03,0.0,0.014979657142857143,8.127456,0.0018430929854135344,0
1.0,262144.0,1.0,2.0,524288.0,3145728.0,0.16666666666666666,1.0,0.25,0.25,0.0,0.0,1.0,15.75,6.03,0.0,0.014979657142857143,8.486432,0.001765130168115074,0
1.0,262144.0,1.0,2.0,524288.0,3145728.0,0.16666666666666666,1.0,0.25,0.25,1.0,0.0,1.0,15.75,6.03,0.0,0.014979657142857143,8.480864,0.0017662890411704684,0
1.0,262144.0,1.0,4.0,1048576.0,3145728.0,0.3333333333333333,1.0,1.0,1.0,0.0,0.0,1.0,15.75,6.03,0.0,0.029959314285714286,7.946976,0.003769901190806954,0
1.0,262144.0,1.0,4.0,1048576.0,3145728.0,0.3333333333333333,1.0,1.0,1.0,1.0,0.0,1.0,15.75,6.03,0.0,0.029959314285714286,7.936608,0.003774826006993704,0
1.0,262144.0,1.0,4.0,1048576.0,3145728.0,0.3333333333333333,1.0,0.5,0.5,0.0,0.0,1.0,15.75,6.03,0.0,0.029959314285714286,8.128672,0.0036856345397765205,0
1.0,262144.0,1.0,4.0,1048576.0,3145728.0,0.3333333333333333,1.0,0.5,0.5,1.0,0.0,1.0,15.75,6.03,0.0,0.029959314285714286,8.160128,0.003671427002825726,0
1.0,262144.0,1.0,4.0,1048576.0,3145728.0,0.3333333333333333,1.0,0.25,0.25,0.0,0.0,1.0,15.75,6.03,0.0,0.029959314285714286,8.48096,0.0035325380954177696,0
1.0,262144.0,1.0,4.0,1048576.0,3145728.0,0.3333333333333333,1.0,0.25,0.25,1.0,0.0,1.0,15.75,6.03,0.0,0.029959314285714286,8.484639999999999,0.003531005945533846,0
1.0,262144.0,1.0,8.0,2097152.0,3145728.0,0.6666666666666666,1.0,1.0,1.0,0.0,0.0,1.0,15.75,6.03,0.0,0.05991862857142857,7.930752,0.007555226612990618,0
1.0,262144.0,1.0,8.0,2097152.0,3145728.0,0.6666666666666666,1.0,1.0,1.0,1.0,0.0,1.0,15.75,6.03,0.0,0.05991862857142857,7.951583999999999,0.0075354330120173015,0
1.0,262144.0,1.0,8.0,2097152.0,3145728.0,0.6666666666666666,1.0,0.5,0.5,0.0,0.0,1.0,15.75,6.03,0.0,0.05991862857142857,8.12784,0.007372023633761069,0
1.0,262144.0,1.0,8.0,2097152.0,3145728.0,0.6666666666666666,1.0,0.5,0.5,1.0,0.0,1.0,15.75,6.03,0.0,0.05991862857142857,8.117216,0.0073816723087606105,0
1.0,262144.0,1.0,8.0,2097152.0,3145728.0,0.6666666666666666,1.0,0.25,0.25,0.0,0.0,1.0,15.75,6.03,0.0,0.05991862857142857,8.491776,0.007056077382567389,0
1.0,262144.0,1.0,8.0,2097152.0,3145728.0,0.6666666666666666,1.0,0.25,0.25,1.0,0.0,1.0,15.75,6.03,0.0,0.05991862857142857,8.469024,0.007075033506981274,0
1.0,262144.0,1.0,16.0,4194304.0,3145728.0,1.3333333333333333,1.0,1.0,1.0,0.0,0.0,1.0,15.75,6.03,0.0,0.11983725714285715,7.934368000000001,0.015103566804924744,0
1.0,262144.0,1.0,16.0,4194304.0,3145728.0,1.3333333333333333,1.0,1.0,1.0,1.0,0.0,1.0,15.75,6.03,0.0,0.11983725714285715,7.934400000000001,0.015103505891164692,0
1.0,262144.0,1.0,16.0,4194304.0,3145728.0,1.3333333333333333,1.0,0.5,0.5,0.0,0.0,1.0,15.75,6.03,0.0,0.11983725714285715,8.138592,0.014724568714448046,0
1.0,262144.0,1.0,16.0,4194304.0,3145728.0,1.3333333333333333,1.0,0.5,0.5,1.0,0.0,1.0,15.75,6.03,0.0,0.11983725714285715,8.121120000000001,0.014756247554876313,0
1.0,262144.0,1.0,16.0,4194304.0,3145728.0,1.3333333333333333,1.0,0.25,0.25,0.0,0.0,1.0,15.75,6.03,0.0,0.11983725714285715,8.484864,0.01412365090858936,0
1.0,262144.0,1.0,16.0,4194304.0,3145728.0,1.3333333333333333,1.0,0.25,0.25,1.0,0.0,1.0,15.75,6.03,0.0,0.11983725714285715,8.473984,0.014141784683905133,0
1.0,262144.0,1.0,32.0,8388608.0,3145728.0,2.6666666666666665,1.0,1.0,1.0,0.0,0.0,1.0,15.75,6.03,0.0,0.2396745142857143,7.930432,0.030222125892475252,0
1.0,262144.0,1.0,32.0,8388608.0,3145728.0,2.6666666666666665,1.0,1.0,1.0,1.0,0.0,1.0,15.75,6.03,0.0,0.2396745142857143,7.931136,0.030219443253238158,0
1.0,262144.0,1.0,32.0,8388608.0,3145728.0,2.6666666666666665,1.0,0.5,0.5,0.0,0.0,1.0,15.75,6.03,0.0,0.2396745142857143,8.123999999999999,0.02950203277766055,0
1.0,262144.0,1.0,32.0,8388608.0,3145728.0,2.6666666666666665,1.0,0.5,0.5,1.0,0.0,1.0,15.75,6.03,0.0,0.2396745142857143,8.126048,0.02949459740893904,0
1.0,262144.0,1.0,32.0,8388608.0,3145728.0,2.6666666666666665,1.0,0.25,0.25,0.0,0.0,1.0,15.75,6.03,0.0,0.2396745142857143,8.490207999999999,0.028229522090120092,0
1.0,262144.0,1.0,32.0,8388608.0,3145728.0,2.6666666666666665,1.0,0.25,0.25,1.0,0.0,1.0,15.75,6.03,0.0,0.2396745142857143,8.496383999999999,0.028209002122045603,0
1.0,524288.0,1.0,1.0,524288.0,6291456.0,0.08333333333333333,1.0,1.0,1.0,0.0,0.0,1.0,15.75,6.03,0.0,0.014979657142857143,15.958815999999999,0.0009386446427389817,0
1.0,524288.0,1.0,1.0,524288.0,6291456.0,0.08333333333333333,1.0,1.0,1.0,1.0,0.0,1.0,15.75,6.03,0.0,0.014979657142857143,15.976480000000002,0.000937606853503221,0
1.0,524288.0,1.0,1.0,524288.0,6291456.0,0.08333333333333333,1.0,0.5,0.5,0.0,0.0,1.0,15.75,6.03,0.0,0.014979657142857143,16.32976,0.0009173225535988981,0
1.0,524288.0,1.0,1.0,524288.0,6291456.0,0.08333333333333333,1.0,0.5,0.5,1.0,0.0,1.0,15.75,6.03,0.0,0.014979657142857143,16.334816000000004,0.0009170386212404927,0
1.0,524288.0,1.0,1.0,524288.0,6291456.0,0.08333333333333333,1.0,0.25,0.25,0.0,0.0,1.0,15.75,6.03,0.0,0.014979657142857143,17.083936,0.0008768270463467635,0
1.0,524288.0,1.0,1.0,524288.0,6291456.0,0.08333333333333333,1.0,0.25,0.25,1.0,0.0,1.0,15.75,6.03,0.0,0.014979657142857143,17.03088,0.0008795586101749965,0
1.0,524288.0,1.0,2.0,1048576.0,6291456.0,0.16666666666666666,1.0,1.0,1.0,0.0,0.0,1.0,15.75,6.03,0.0,0.029959314285714286,15.952288,0.0018780575103530157,0
1.0,524288.0,1.0,2.0,1048576.0,6291456.0,0.16666666666666666,1.0,1.0,1.0,1.0,0.0,1.0,15.75,6.03,0.0,0.029959314285714286,15.984127999999998,0.001874316464790215,0
1.0,524288.0,1.0,2.0,1048576.0,6291456.0,0.16666666666666666,1.0,0.5,0.5,0.0,0.0,1.0,15.75,6.03,0.0,0.029959314285714286,16.321248,0.0018356019273596165,0
1.0,524288.0,1.0,2.0,1048576.0,6291456.0,0.16666666666666666,1.0,0.5,0.5,1.0,0.0,1.0,15.75,6.03,0.0,0.029959314285714286,16.329152,0.0018347134184135395,0
1.0,524288.0,1.0,2.0,1048576.0,6291456.0,0.16666666666666666,1.0,0.25,0.25,0.0,0.0,1.0,15.75,6.03,0.0,0.029959314285714286,17.05328,0.001756806566579232,0
1.0,524288.0,1.0,2.0,1048576.0,6291456.0,0.16666666666666666,1.0,0.25,0.25,1.0,0.0,1.0,15.75,6.03,0.0,0.029959314285714286,17.05104,0.0017570373587601862,0
1.0,524288.0,1.0,4.0,2097152.0,6291456.0,0.3333333333333333,1.0,1.0,1.0,0.0,0.0,1.0,15.75,6.03,0.0,0.05991862857142857,15.970623999999999,0.0037518025952792185,0
1.0,524288.0,1.0,4.0,2097152.0,6291456.0,0.3333333333333333,1.0,1.0,1.0,1.0,0.0,1.0,15.75,6.03,0.0,0.05991862857142857,15.963999999999999,0.0037533593442388236,0
1.0,524288.0,1.0,4.0,2097152.0,6291456.0,0.3333333333333333,1.0,0.5,0.5,0.0,0.0,1.0,15.75,6.03,0.0,0.05991862857142857,16.341344,0.0036666891396098496,0
1.0,524288.0,1.0,4.0,2097152.0,6291456.0,0.3333333333333333,1.0,0.5,0.5,1.0,0.0,1.0,15.75,6.03,0.0,0.05991862857142857,16.316703999999998,0.0036722262395290483,0
1.0,524288.0,1.0,4.0,2097152.0,6291456.0,0.3333333333333333,1.0,0.25,0.25,0.0,0.0,1.0,15.75,6.03,0.0,0.05991862857142857,17.147712,0.0034942637578371143,0
1.0,524288.0,1.0,4.0,2097152.0,6291456.0,0.3333333333333333,1.0,0.25,0.25,1.0,0.0,1.0,15.75,6.03,0.0,0.05991862857142857,17.036608,0.003517051549899403,0
1.0,524288.0,1.0,8.0,4194304.0,6291456.0,0.6666666666666666,1.0,1.0,1.0,0.0,0.0,1.0,15.75,6.03,0.0,0.11983725714285715,15.961024000000002,0.007508118347723625,0
1.0,524288.0,1.0,8.0,4194304.0,6291456.0,0.6666666666666666,1.0,1.0,1.0,1.0,0.0,1.0,15.75,6.03,0.0,0.11983725714285715,16.10864,0.007439315618379772,0
1.0,524288.0,1.0,8.0,4194304.0,6291456.0,0.6666666666666666,1.0,0.5,0.5,0.0,0.0,1.0,15.75,6.03,0.0,0.11983725714285715,16.441056000000003,0.00728890268014762,0
1.0,524288.0,1.0,8.0,4194304.0,6291456.0,0.6666666666666666,1.0,0.5,0.5,1.0,0.0,1.0,15.75,6.03,0.0,0.11983725714285715,16.459200000000003,0.007280867669319112,0
1.0,524288.0,1.0,8.0,4194304.0,6291456.0,0.6666666666666666,1.0,0.25,0.25,0.0,0.0,1.0,15.75,6.03,0.0,0.11983725714285715,17.077151999999998,0.007017402968765352,0
1.0,524288.0,1.0,8.0,4194304.0,6291456.0,0.6666666666666666,1.0,0.25,0.25,1.0,0.0,1.0,15.75,6.03,0.0,0.11983725714285715,17.053632,0.007027081218995293,0
1.0,524288.0,1.0,16.0,8388608.0,6291456.0,1.3333333333333333,1.0,1.0,1.0,0.0,0.0,1.0,15.75,6.03,0.0,0.2396745142857143,16.016768,0.014963974897164915,0
1.0,524288.0,1.0,16.0,8388608.0,6291456.0,1.3333333333333333,1.0,1.0,1.0,1.0,0.0,1.0,15.75,6.03,0.0,0.2396745142857143,15.978016,0.015000267510416455,0
1.0,524288.0,1.0,16.0,8388608.0,6291456.0,1.3333333333333333,1.0,0.5,0.5,0.0,0.0,1.0,15.75,6.03,0.0,0.2396745142857143,16.317536000000004,0.014688155998902913,0
1.0,524288.0,1.0,16.0,8388608.0,6291456.0,1.3333333333333333,1.0,0.5,0.5,1.0,0.0,1.0,15.75,6.03,0.0,0.2396745142857143,16.350624,0.014658432258347712,0
1.0,524288.0,1.0,16.0,8388608.0,6291456.0,1.3333333333333333,1.0,0.25,0.25,0.0,0.0,1.0,15.75,6.03,0.0,0.2396745142857143,17.051584,0.014055850429245419,0
1.0,524288.0,1.0,16.0,8388608.0,6291456.0,1.3333333333333333,1.0,0.25,0.25,1.0,0.0,1.0,15.75,6.03,0.0,0.2396745142857143,17.022656,0.014079736692424159,0
1.0,524288.0,1.0,32.0,16777216.0,6291456.0,2.6666666666666665,1.0,1.0,1.0,0.0,0.0,1.0,15.75,6.03,0.0,0.4793490285714286,16.127008,0.0297233701732788,0
1.0,524288.0,1.0,32.0,16777216.0,6291456.0,2.6666666666666665,1.0,1.0,1.0,1.0,0.0,1.0,15.75,6.03,0.0,0.4793490285714286,15.969280000000001,0.030016946823615626,0
1.0,524288.0,1.0,32.0,16777216.0,6291456.0,2.6666666666666665,1.0,0.5,0.5,0.0,0.0,1.0,15.75,6.03,0.0,0.4793490285714286,16.331296000000002,0.029351560866414307,0
1.0,524288.0,1.0,32.0,16777216.0,6291456.0,2.6666666666666665,1.0,0.5,0.5,1.0,0.0,1.0,15.75,6.03,0.0,0.4793490285714286,16.331775999999998,0.02935069820767984,0
1.0,524288.0,1.0,32.0,16777216.0,6291456.0,2.6666666666666665,1.0,0.25,0.25,0.0,0.0,1.0,15.75,6.03,0.0,0.4793490285714286,17.041632,0.028128117575325448,0
1.0,524288.0,1.0,32.0,16777216.0,6291456.0,2.6666666666666665,1.0,0.25,0.25,1.0,0.0,1.0,15.75,6.03,0.0,0.4793490285714286,17.03104,0.028145611106041003,0
1.0,1048576.0,1.0,1.0,1048576.0,12582912.0,0.08333333333333333,1.0,1.0,1.0,0.0,0.0,1.0,15.75,6.03,0.0,0.029959314285714286,32.054304,0.0009346424831346918,0
1.0,1048576.0,1.0,1.0,1048576.0,12582912.0,0.08333333333333333,1.0,1.0,1.0,1.0,0.0,1.0,15.75,6.03,0.0,0.029959314285714286,32.084768000000004,0.0009337550542897578,0
1.0,1048576.0,1.0,1.0,1048576.0,12582912.0,0.08333333333333333,1.0,0.5,0.5,0.0,0.0,1.0,15.75,6.03,0.0,0.029959314285714286,32.703136,0.0009160991253473149,0
1.0,1048576.0,1.0,1.0,1048576.0,12582912.0,0.08333333333333333,1.0,0.5,0.5,1.0,0.0,1.0,15.75,6.03,0.0,0.029959314285714286,32.733376,0.0009152528075843532,0
1.0,1048576.0,1.0,1.0,1048576.0,12582912.0,0.08333333333333333,1.0,0.25,0.25,0.0,0.0,1.0,15.75,6.03,0.0,0.029959314285714286,34.200448,0.0008759918667063743,0
1.0,1048576.0,1.0,1.0,1048576.0,12582912.0,0.08333333333333333,1.0,0.25,0.25,1.0,0.0,1.0,15.75,6.03,0.0,0.029959314285714286,34.17632,0.0008766103046119152,0
1.0,1048576.0,1.0,2.0,2097152.0,12582912.0,0.16666666666666666,1.0,1.0,1.0,0.0,0.0,1.0,15.75,6.03,0.0,0.05991862857142857,32.045024,0.0018698262972569025,0
1.0,1048576.0,1.0,2.0,2097152.0,12582912.0,0.16666666666666666,1.0,1.0,1.0,1.0,0.0,1.0,15.75,6.03,0.0,0.05991862857142857,32.046496,0.001869740410041353,0
1.0,1048576.0,1.0,2.0,2097152.0,12582912.0,0.16666666666666666,1.0,0.5,0.5,0.0,0.0,1.0,15.75,6.03,0.0,0.05991862857142857,32.70784,0.0018319347462696582,0
1.0,1048576.0,1.0,2.0,2097152.0,12582912.0,0.16666666666666666,1.0,0.5,0.5,1.0,0.0,1.0,15.75,6.03,0.0,0.05991862857142857,32.762336000000005,0.0018288875546428852,0
1.0,1048576.0,1.0,2.0,2097152.0,12582912.0,0.16666666666666666,1.0,0.25,0.25,0.0,0.0,1.0,15.75,6.03,0.0,0.05991862857142857,34.169888,0.0017535506283025736,0
1.0,1048576.0,1.0,2.0,2097152.0,12582912.0,0.16666666666666666,1.0,0.25,0.25,1.0,0.0,1.0,15.75,6.03,0.0,0.05991862857142857,34.592544000000004,0.0017321255288835816,0
1.0,1048576.0,1.0,4.0,4194304.0,12582912.0,0.3333333333333333,1.0,1.0,1.0,0.0,0.0,1.0,15.75,6.03,0.0,0.11983725714285715,32.152575999999996,0.0037271432666190468,0
1.0,1048576.0,1.0,4.0,4194304.0,12582912.0,0.3333333333333333,1.0,1.0,1.0,1.0,0.0,1.0,15.75,6.03,0.0,0.11983725714285715,32.125088,0.0037303324162989734,0
1.0,1048576.0,1.0,4.0,4194304.0,12582912.0,0.3333333333333333,1.0,0.5,0.5,0.0,0.0,1.0,15.75,6.03,0.0,0.11983725714285715,32.787583999999995,0.0036549584483826915,0
1.0,1048576.0,1.0,4.0,4194304.0,12582912.0,0.3333333333333333,1.0,0.5,0.5,1.0,0.0,1.0,15.75,6.03,0.0,0.11983725714285715,32.744512,0.003659766166093944,0
1.0,1048576.0,1.0,4.0,4194304.0,12582912.0,0.3333333333333333,1.0,0.25,0.25,0.0,0.0,1.0,15.75,6.03,0.0,0.11983725714285715,34.19888,0.003504128121823204,0
1.0,1048576.0,1.0,4.0,4194304.0,12582912.0,0.3333333333333333,1.0,0.25,0.25,1.0,0.0,1.0,15.75,6.03,0.0,0.11983725714285715,34.161472,0.0035079652639926386,0
1.0,1048576.0,1.0,8.0,8388608.0,12582912.0,0.6666666666666666,1.0,1.0,1.0,0.0,0.0,1.0,15.75,6.03,0.0,0.2396745142857143,32.027392,0.007483422761544689,0
1.0,1048576.0,1.0,8.0,8388608.0,12582912.0,0.6666666666666666,1.0,1.0,1.0,1.0,0.0,1.0,15.75,6.03,0.0,0.2396745142857143,32.032384,0.007482256527822416,0
1.0,1048576.0,1.0,8.0,8388608.0,12582912.0,0.6666666666666666,1.0,0.5,0.5,0.0,0.0,1.0,15.75,6.03,0.0,0.2396745142857143,32.745760000000004,0.007319253371603354,0
1.0,1048576.0,1.0,8.0,8388608.0,12582912.0,0.6666666666666666,1.0,0.5,0.5,1.0,0.0,1.0,15.75,6.03,0.0,0.2396745142857143,32.733888,0.007321907934850705,0
1.0,1048576.0,1.0,8.0,8388608.0,12582912.0,0.6666666666666666,1.0,0.25,0.25,0.0,0.0,1.0,15.75,6.03,0.0,0.2396745142857143,34.162656,0.0070156873717814655,0
1.0,1048576.0,1.0,8.0,8388608.0,12582912.0,0.6666666666666666,1.0,0.25,0.25,1.0,0.0,1.0,15.75,6.03,0.0,0.2396745142857143,34.133824,0.0070216133500223795,0
1.0,1048576.0,1.0,16.0,16777216.0,12582912.0,1.3333333333333333,1.0,1.0,1.0,0.0,0.0,1.0,15.75,6.03,0.0,0.4793490285714286,32.121216000000004,0.01492312833273275,0
1.0,1048576.0,1.0,16.0,16777216.0,12582912.0,1.3333333333333333,1.0,1.0,1.0,1.0,0.0,1.0,15.75,6.03,0.0,0.4793490285714286,32.426432000000005,0.014782663370778151,0
1.0,1048576.0,1.0,16.0,16777216.0,12582912.0,1.3333333333333333,1.0,0.5,0.5,0.0,0.0,1.0,15.75,6.03,0.0,0.4793490285714286,33.37152,0.014364015441053589,0
1.0,1048576.0,1.0,16.0,16777216.0,12582912.0,1.3333333333333333,1.0,0.5,0.5,1.0,0.0,1.0,15.75,6.03,0.0,0.4793490285714286,32.719488,0.014650260681690026,0
1.0,1048576.0,1.0,16.0,16777216.0,12582912.0,1.3333333333333333,1.0,0.25,0.25,0.0,0.0,1.0,15.75,6.03,0.0,0.4793490285714286,34.194047999999995,0.014018493176690535,0
1.0,1048576.0,1.0,16.0,16777216.0,12582912.0,1.3333333333333333,1.0,0.25,0.25,1.0,0.0,1.0,15.75,6.03,0.0,0.4793490285714286,34.201824,0.014015305984015021,0
1.0,1048576.0,1.0,32.0,33554432.0,12582912.0,2.6666666666666665,1.0,1.0,1.0,0.0,0.0,1.0,15.75,6.03,0.0,0.9586980571428572,32.25472,0.02972272142318573,0
1.0,1048576.0,1.0,32.0,33554432.0,12582912.0,2.6666666666666665,1.0,1.0,1.0,1.0,0.0,1.0,15.75,6.03,0.0,0.9586980571428572,32.015552,0.02994476113180423,0
1.0,1048576.0,1.0,32.0,33554432.0,12582912.0,2.6666666666666665,1.0,0.5,0.5,0.0,0.0,1.0,15.75,6.03,0.0,0.9586980571428572,32.729312,0.0292917265460043,0
1.0,1048576.0,1.0,32.0,33554432.0,12582912.0,2.6666666666666665,1.0,0.5,0.5,1.0,0.0,1.0,15.75,6.03,0.0,0.9586980571428572,32.749984,0.029273237420294838,0
1.0,1048576.0,1.0,32.0,33554432.0,12582912.0,2.6666666666666665,1.0,0.25,0.25,0.0,0.0,1.0,15.75,6.03,0.0,0.9586980571428572,34.206912,0.02802644264243604,0
1.0,1048576.0,1.0,32.0,33554432.0,12582912.0,2.6666666666666665,1.0,0.25,0.25,1.0,0.0,1.0,15.75,6.03,0.0,0.9586980571428572,34.191968,0.02803869192738064,0
1.0,2097152.0,1.0,1.0,2097152.0,25165824.0,0.08333333333333333,1.0,1.0,1.0,0.0,0.0,1.0,15.75,6.03,0.0,0.05991862857142857,65.152928,0.0009196613323568293,0
1.0,2097152.0,1.0,1.0,2097152.0,25165824.0,0.08333333333333333,1.0,1.0,1.0,1.0,0.0,1.0,15.75,6.03,0.0,0.05991862857142857,64.227168,0.0009329171818914477,0
1.0,2097152.0,1.0,1.0,2097152.0,25165824.0,0.08333333333333333,1.0,0.5,0.5,0.0,0.0,1.0,15.75,6.03,0.0,0.05991862857142857,65.57433599999999,0.0009137512055238894,0
1.0,2097152.0,1.0,1.0,2097152.0,25165824.0,0.08333333333333333,1.0,0.5,0.5,1.0,0.0,1.0,15.75,6.03,0.0,0.05991862857142857,65.537344,0.0009142669646702279,0
1.0,2097152.0,1.0,1.0,2097152.0,25165824.0,0.08333333333333333,1.0,0.25,0.25,0.0,0.0,1.0,15.75,6.03,0.0,0.05991862857142857,68.435168,0.0008755531742309534,0
1.0,2097152.0,1.0,1.0,2097152.0,25165824.0,0.08333333333333333,1.0,0.25,0.25,1.0,0.0,1.0,15.75,6.03,0.0,0.05991862857142857,69.67238400000001,0.0008600054301490324,0
1.0,2097152.0,1.0,2.0,4194304.0,25165824.0,0.16666666666666666,1.0,1.0,1.0,0.0,0.0,1.0,15.75,6.03,0.0,0.11983725714285715,64.35904,0.0018620112596902806,0
1.0,2097152.0,1.0,2.0,4194304.0,25165824.0,0.16666666666666666,1.0,1.0,1.0,1.0,0.0,1.0,15.75,6.03,0.0,0.11983725714285715,64.395072,0.0018609693788813086,0
1.0,2097152.0,1.0,2.0,4194304.0,25165824.0,0.16666666666666666,1.0,0.5,0.5,0.0,0.0,1.0,15.75,6.03,0.0,0.11983725714285715,65.603744,0.0018266832018437413,0
1.0,2097152.0,1.0,2.0,4194304.0,25165824.0,0.16666666666666666,1.0,0.5,0.5,1.0,0.0,1.0,15.75,6.03,0.0,0.11983725714285715,66.124576,0.0018122952825112579,0
1.0,2097152.0,1.0,2.0,4194304.0,25165824.0,0.16666666666666666,1.0,0.25,0.25,0.0,0.0,1.0,15.75,6.03,0.0,0.11983725714285715,68.440448,0.0017509712552269841,0
1.0,2097152.0,1.0,2.0,4194304.0,25165824.0,0.16666666666666666,1.0,0.25,0.25,1.0,0.0,1.0,15.75,6.03,0.0,0.11983725714285715,68.36707200000001,0.0017528505117618191,0
1.0,2097152.0,1.0,4.0,8388608.0,25165824.0,0.3333333333333333,1.0,1.0,1.0,0.0,0.0,1.0,15.75,6.03,0.0,0.2396745142857143,65.354496,0.0036672995578714935,0
1.0,2097152.0,1.0,4.0,8388608.0,25165824.0,0.3333333333333333,1.0,1.0,1.0,1.0,0.0,1.0,15.75,6.03,0.0,0.2396745142857143,65.20950400000001,0.003675453723520336,0
1.0,2097152.0,1.0,4.0,8388608.0,25165824.0,0.3333333333333333,1.0,0.5,0.5,0.0,0.0,1.0,15.75,6.03,0.0,0.2396745142857143,65.58992,0.0036541364021440226,0
1.0,2097152.0,1.0,4.0,8388608.0,25165824.0,0.3333333333333333,1.0,0.5,0.5,1.0,0.0,1.0,15.75,6.03,0.0,0.2396745142857143,65.67552,0.003649373682701169,0
1.0,2097152.0,1.0,4.0,8388608.0,25165824.0,0.3333333333333333,1.0,0.25,0.25,0.0,0.0,1.0,15.75,6.03,0.0,0.2396745142857143,68.465568,0.0035006576486112592,0
1.0,2097152.0,1.0,4.0,8388608.0,25165824.0,0.3333333333333333,1.0,0.25,0.25,1.0,0.0,1.0,15.75,6.03,0.0,0.2396745142857143,68.428224,0.0035025680965461606,0
1.0,2097152.0,1.0,8.0,16777216.0,25165824.0,0.6666666666666666,1.0,1.0,1.0,0.0,0.0,1.0,15.75,6.03,0.0,0.4793490285714286,64.53868800000001,0.007427312878926645,0
1.0,2097152.0,1.0,8.0,16777216.0,25165824.0,0.6666666666666666,1.0,1.0,1.0,1.0,0.0,1.0,15.75,6.03,0.0,0.4793490285714286,64.212352,0.007465059503994319,0
1.0,2097152.0,1.0,8.0,16777216.0,25165824.0,0.6666666666666666,1.0,0.5,0.5,0.0,0.0,1.0,15.75,6.03,0.0,0.4793490285714286,66.180384,0.007243068105670535,0
1.0,2097152.0,1.0,8.0,16777216.0,25165824.0,0.6666666666666666,1.0,0.5,0.5,1.0,0.0,1.0,15.75,6.03,0.0,0.4793490285714286,65.590848,0.007308169404539923,0
1.0,2097152.0,1.0,8.0,16777216.0,25165824.0,0.6666666666666666,1.0,0.25,0.25,0.0,0.0,1.0,15.75,6.03,0.0,0.4793490285714286,68.472,0.0070006576202159805,0
1.0,2097152.0,1.0,8.0,16777216.0,25165824.0,0.6666666666666666,1.0,0.25,0.25,1.0,0.0,1.0,15.75,6.03,0.0,0.4793490285714286,69.108416,0.006936188908908411,0
1.0,2097152.0,1.0,16.0,33554432.0,25165824.0,1.3333333333333333,1.0,1.0,1.0,0.0,0.0,1.0,15.75,6.03,0.0,0.9586980571428572,64.204256,0.014932001659560655,0
1.0,2097152.0,1.0,16.0,33554432.0,25165824.0,1.3333333333333333,1.0,1.0,1.0,1.0,0.0,1.0,15.75,6.03,0.0,0.9586980571428572,64.25504,0.014920200145278211,0
1.0,2097152.0,1.0,16.0,33554432.0,25165824.0,1.3333333333333333,1.0,0.5,0.5,0.0,0.0,1.0,15.75,6.03,0.0,0.9586980571428572,65.642176,0.014604909763242113,0
1.0,2097152.0,1.0,16.0,33554432.0,25165824.0,1.3333333333333333,1.0,0.5,0.5,1.0,0.0,1.0,15.75,6.03,0.0,0.9586980571428572,65.522176,0.014631657793887327,0
1.0,2097152.0,1.0,16.0,33554432.0,25165824.0,1.3333333333333333,1.0,0.25,0.25,0.0,0.0,1.0,15.75,6.03,0.0,0.9586980571428572,68.46384,0.014002984015253265,0
1.0,2097152.0,1.0,16.0,33554432.0,25165824.0,1.3333333333333333,1.0,0.25,0.25,1.0,0.0,1.0,15.75,6.03,0.0,0.9586980571428572,68.414752,0.014013031241315576,0
1.0,2097152.0,1.0,32.0,67108864.0,25165824.0,2.6666666666666665,1.0,1.0,1.0,0.0,0.0,1.0,15.75,6.03,0.0,1.9173961142857143,65.07408,0.02946482092848204,0
1.0,2097152.0,1.0,32.0,67108864.0,25165824.0,2.6666666666666665,1.0,1.0,1.0,1.0,0.0,1.0,15.75,6.03,0.0,1.9173961142857143,64.65599999999999,0.029655346979177717,0
1.0,2097152.0,1.0,32.0,67108864.0,25165824.0,2.6666666666666665,1.0,0.5,0.5,0.0,0.0,1.0,15.75,6.03,0.0,1.9173961142857143,66.140096,0.028989920339482337,0
1.0,2097152.0,1.0,32.0,67108864.0,25165824.0,2.6666666666666665,1.0,0.5,0.5,1.0,0.0,1.0,15.75,6.03,0.0,1.9173961142857143,65.548192,0.029251701012374443,0
1.0,2097152.0,1.0,32.0,67108864.0,25165824.0,2.6666666666666665,1.0,0.25,0.25,0.0,0.0,1.0,15.75,6.03,0.0,1.9173961142857143,68.432288,0.028018880711481023,0
1.0,2097152.0,1.0,32.0,67108864.0,25165824.0,2.6666666666666665,1.0,0.25,0.25,1.0,0.0,1.0,15.75,6.03,0.0,1.9173961142857143,68.483616,0.02799788075275865,0
